үер	үерлэх	N	V	лэх	suffix
хязгаар	хязгааргүй	J	J	гүй	suffix
хийсвэржих	хийсвэржилт	V	N	лт	suffix
шилжүүлэх	шилжүүлэгч	V	N	гч	suffix
юм	юмтай	J	J	тай	suffix
бие	биет	N	J	т	suffix
дүүрэх	дүүргэх	V	V	гэх	suffix
багтаах	багтаамж	V	N	мж	suffix
ургах	ургамал	V	N	мал	suffix
хувь	хувилах	N	V	лах	suffix
хуулах	хуулбар	V	N	бар	suffix
канон	канондох	N	V	дох	suffix
хуулбар	хуулбарлах	N	V	лах	suffix
сүйтгэх	сүйтгэгч	V	N	гч	suffix
мөрдөх	мөрдөгч	V	N	гч	suffix
тандах	тандагч	V	N	гч	suffix
мэдрэх	мэдрэмж	V	N	мж	suffix
цаглаш	цаглашгүй	J	J	гүй	suffix
харилцах	харилцаа	V	N	аа	suffix
дарангуйлах	дарангуйлагч	V	N	гч	suffix
үзэгдэх	үзэгдэл	V	N	л	suffix
найруулах	найруулагч	V	N	гч	suffix
зай	зайтай	N	J	тай	suffix
үзүүр	үзүүргүй	N	J	гүй	suffix
бүдэг	бүдэгхэн	J	J	хэн	suffix
тодорхой	тодорхойгүй	J	J	гүй	suffix
залгих	залгилах	V	V	лах	suffix
бэлхүүс	бэлхүүсэвч	N	N	вч	suffix
тууш	тууштай	J	J	тай	suffix
тэгш	тэгшлэх	J	V	лэх	suffix
тус	туслах	N	V	лах	suffix
товч	товчхон	J	J	хон	suffix
хандах	хандлага	V	N	лага	suffix
байх	байдал	V	N	дал	suffix
холбох	холбоо	V	N	оо	suffix
холбох	холболт	V	N	лт	suffix
ир	иргүй	N	J	гүй	suffix
шумбах	шумбагч	V	N	гч	suffix
оролцох	оролцоо	V	N	оо	suffix
дуусах	дуусгах	V	V	гах	suffix
эцэс	эцэслэх	N	V	лэх	suffix
төгсөх	төгсгөх	V	V	гөх	suffix
ойлгох	ойлголт	V	N	лт	suffix
удах	удаан	V	N	аан	suffix
боловсрох	боловсруулах	V	V	уулах	suffix
шингэх	шингээх	V	V	ээх	suffix
амьсгаа	амьсгаалах	N	V	лах	suffix
чухал	чухалчлах	J	V	члах	suffix
хөдөлгөх	хөдөлгөгч	V	N	гч	suffix
хөдөлөх	хөдөлгөх	V	V	гөх	suffix
үнэр	үнэртэх	N	V	тэх	suffix
амьсгал	амьсгалах	N	V	х	suffix
амжих	амжилт	V	N	лт	suffix
олох	ололт	V	N	лт	suffix
болох	боломж	V	N	мж	suffix
хандивлах	хандивлагч	V	N	гч	suffix
бүртгэх	бүртгэл	V	N	л	suffix
хавчуулах	хавчуулагдах	V	V	гдах	suffix
сэргэх	сэргээх	V	V	ээх	suffix
урвах	урвагч	V	N	гч	suffix
шингэх	шингэлт	V	N	лт	suffix
нэвчих	нэвчилт	V	N	лт	suffix
буух	буулт	V	N	лт	suffix
газардах	газардалт	V	N	лт	suffix
газар	газардах	N	V	дах	suffix
хүндэтгэл	хүндэтгэлгүй	N	J	гүй	suffix
том	томдох	J	J	дох	suffix
барих	бариу	V	J	уу	suffix
нарийн	нарийхан	J	J	хан	suffix
ухрах	ухралт	V	N	лт	suffix
огцрох	огцролт	V	N	лт	suffix
архи	архичин	N	N	чин	suffix
зайлах	зайлсхийх	V	V	схийх	suffix
үлдэгдэх	үлдэгдэл	V	N	л	suffix
үлдэх	үлдсэн	V	J	сэн	suffix
хувирах	хувирал	V	N	л	suffix
урвах	урвал	V	N	л	suffix
биежих	биежилт	V	N	лт	suffix
хэрэгжүүлэх	хэрэгжүүлэлт	V	N	лт	suffix
ардчилах	ардчилал	V	N	л	suffix
цохих	цохиур	V	N	иур	suffix
гүйцэтгэх	гүйцэтгэл	V	N	л	suffix
бага	багахан	J	J	хан	suffix
жижиг	жижигхэн	J	J	хэн	suffix
тэсвэрлэх	тэсвэрлүүлэх	V	V	үүлэх	suffix
тэсвэр	тэсвэрлэх	N	V	лэх	suffix
хадгалах	хадгалуулах	V	V	уулах	suffix
ургах	ургац	V	N	ц	suffix
уян	уяхан	J	J	хан	suffix
цайх	цайвар	V	N	вар	suffix
унах	уналт	V	N	лт	suffix
тогтворжих	тогтворжуулах	V	V	уулах	suffix
зуурах	зууралдах	V	V	лдах	suffix
наах	наалдах	V	V	лдах	suffix
бамбалзах	бамбалзсан	V	J	сан	suffix
нялцганах	нялцганасан	V	J	сан	suffix
зөөлөн	зөөлрөх	J	V	рөх	suffix
харьцах	харьцаа	V	N	аа	suffix
өхөөрдөх	өхөөрдөм	V	J	м	suffix
эргэх	эргүүлэх	V	V	үүлэх	suffix
баян	баялаг	J	J	лаг	suffix
давтах	давтамж	V	N	мж	suffix
дутагдах	дутагдал	V	N	л	suffix
алдах	алдаа	V	N	аа	suffix
доголдох	доголдол	V	N	л	suffix
нас	настан	N	N	тан	suffix
ах	ахмад	N	N	мад	suffix
бүтээх	бүтээмж	V	N	мж	suffix
эвдэх	эвдлэх	V	V	лэх	suffix
бут	бутлах	J	V	лах	suffix
хэмх	хэмхлэх	J	V	лэх	suffix
хаг	хагалах	J	V	лах	suffix
чиглэх	чиглэл	V	N	л	suffix
аз	азтай	N	J	тай	suffix
зөрчих	зөрчил	V	N	л	suffix
зөрөлдөх	зөрөлдөөн	V	N	өөн	suffix
хөдөлмөр	хөдөлмөрчин	N	N	чин	suffix
ажил	ажилтан	N	N	тан	suffix
нухах	нухлах	V	V	лах	suffix
базах	базлах	V	V	лах	suffix
нэгтгэх	нэгтгэл	V	N	л	suffix
хамтатгах	хамтатгал	V	N	л	suffix
нэгдэх	нэгдэл	V	N	л	suffix
хөлслөх	хөлслөгч	V	N	гч	suffix
зохиох	зохиогч	V	N	гч	suffix
эмхтгэх	эмхтгэгч	V	N	гч	suffix
дайн	дайсан	N	N	сан	suffix
зөвшөөрөх	зөвшөөрөл	V	N	л	suffix
залгамжлах	залгамжлал	V	N	л	suffix
байрлах	байрлал	V	N	л	suffix
битүүмж	битүүмжлэх	N	V	лэх	suffix
эзэмших	эзэмшил	V	N	л	suffix
эзэгнэх	эзэгнэл	V	N	л	suffix
заах	заагч	V	N	гч	suffix
хямрах	хямрал	V	N	л	suffix
баривчлах	баривчилгаа	V	N	гаа	suffix
хязгаарлах	хязгаарлалт	V	N	лт	suffix
хориглох	хориглолт	V	N	лт	suffix
хорих	хорио	V	N	оо	suffix
цагдах	цагдалт	V	N	лт	suffix
буцах	буцаах	V	V	аах	suffix
чанга	чангаах	J	V	аах	suffix
үрчлэх	үрчлээ	V	N	ээ	suffix
атирах	атираа	V	N	аа	suffix
сайжрах	сайжруулах	V	V	уулах	suffix
зөөлрөх	зөөлрүүлэх	V	V	үүлэх	suffix
өөрчлөх	өөрчлөлт	V	N	лт	suffix
шинэчлэх	шинэчлэлт	V	N	лт	suffix
тогтолцох	тогтолцоо	V	N	оо	suffix
бүтэх	бүтэц	V	N	ц	suffix
байгуулах	байгууламж	V	N	мж	suffix
дэлгэрэх	дэлгэрэлт	V	N	лт	suffix
тархах	тархалт	V	N	лт	suffix
түгэх	түгэлт	V	N	лт	suffix
тайлах	тайлбар	V	N	бар	suffix
тохь	тохирох	N	V	рох	suffix
зохих	зохицох	V	V	цох	suffix
нөхөр	нөхөрсөг	N	J	сөг	suffix
харвах	харвалт	V	N	лт	suffix
буудах	буудлага	V	N	лага	suffix
галлах	галлалт	V	N	лт	suffix
хөөрөх	хөөрөл	V	N	л	suffix
тачаах	тачаал	V	N	л	suffix
гишгэх	гишгэлэх	V	V	лэх	suffix
шилэх	шилдэг	V	J	дэг	suffix
тариа	тариачин	N	N	чин	suffix
дутах	дутуу	V	J	уу	suffix
төлөв	төлөвших	N	V	ших	suffix
хөргөх	хөргөгч	V	N	гч	suffix
дадлага	дадлагатай	N	J	тай	suffix
чадал	чадалтай	N	J	тай	suffix
туршлага	туршлагатай	N	J	тай	suffix
хальс	хальслах	N	V	лах	suffix
арилах	арилгах	V	V	гах	suffix
шалдан	шалдлах	J	V	лах	suffix
нүцгэн	нүцгэлэх	J	V	лэх	suffix
шахах	шахалт	V	N	лт	suffix
дарлах	дарлал	V	N	л	suffix
хавчих	хавчлага	V	N	лага	suffix
илд	илдчин	N	N	чин	suffix
дайн	дайчин	N	N	чин	suffix
зурах	зураас	V	N	аас	suffix
өндөр	өндөрлөх	N	V	лөх	suffix
оргил	оргилох	N	V	лох	suffix
бөөлжих	бөөлжис	V	N	с	suffix
санхүү	санхүүч	N	N	ч	suffix
зурах	зураг	V	N	г	suffix
ханиах	ханиад	V	N	д	suffix
үсрэх	үсрэлт	V	N	лт	suffix
тос	тослох	N	V	лох	suffix
явах	явуулах	V	V	уулах	suffix
тандах	тандалт	V	N	лт	suffix
загас	загасчин	N	N	чин	suffix
шийдвэрлэх	шийдвэрлэгч	V	N	гч	suffix
тамга	тамгалах	N	V	лах	suffix
бичих	бичвэр	V	N	вэр	suffix
найруулах	найруулга	V	N	га	suffix
ойр	ойртох	J	V	тох	suffix
тойрох	тойрог	V	N	г	suffix
цохих	цохилт	V	N	лт	suffix
дөрвөл	дөрвөлжин	N	J	жин	suffix
энэрэх	энэрэнгүй	V	J	нгүй	suffix
улайрах	улайрсан	V	J	сан	suffix
хэтрэх	хэтэрсэн	V	J	сэн	suffix
догших	догшин	V	J	н	suffix
эргүүлэх	эргүүлэг	V	N	г	suffix
мушгирах	мушгирсан	V	J	сан	suffix
мушгих	мушгиа	V	N	аа	suffix
агших	агшилт	V	N	лт	suffix
жижиг	жижигрэх	J	V	рэх	suffix
таслах	таславч	V	N	вч	suffix
хүч	хүчтэй	N	J	тэй	suffix
далайц	далайцтай	N	J	тай	suffix
зэврэх	зэврүүн	V	J	үүн	suffix
боргих	боргио	V	N	оо	suffix
тэмцэх	тэмцэл	V	N	л	suffix
тулах	тулаан	V	N	аан	suffix
үрчийх	үрчийлгэх	V	V	лгэх	suffix
гурвал	гурвалжин	N	N	жин	suffix
тахийх	тахийлгах	V	V	лгах	suffix
мурийх	мурийлгах	V	V	лгах	suffix
бөгтийх	бөгтийлгөх	V	V	лгөх	suffix
зөн	зөнч	N	N	ч	suffix
наймал	наймалжин	N	J	жин	suffix
санааширах	санааширсан	V	J	сан	suffix
шаналгаа	шаналгаатай	N	J	тай	suffix
мэрэх	мэрэгч	V	N	гч	suffix
төлөх	төлөгч	V	N	гч	suffix
хангалт	хангалттай	N	J	тай	suffix
хүрэлцээ	хүрэлцээтэй	N	J	тэй	suffix
үнсэх	үнсэлт	V	N	лт	suffix
залгах	залгавар	V	N	вар	suffix
угтах	угтвар	V	N	вар	suffix
догол	доголох	N	V	х	suffix
дагах	дагавар	V	N	вар	suffix
бүртгэх	бүртгүүлэх	V	N	үүлэх	suffix
шалгах	шалгуулах	V	N	уулах	suffix
хянах	хяналт	V	N	лт	suffix
шалгах	шалгалт	V	N	лт	suffix
оношлох	оношлогоо	V	N	гоо	suffix
магадлах	магадлагаа	V	N	гаа	suffix
үзэх	үзлэг	V	N	лэг	suffix
аян	аялах	N	V	лах	suffix
өгүүлэгдэх	өгүүлэгдэхүүн	V	N	үүн	suffix
уулзах	уулзвар	V	N	вар	suffix
зөрөх	зөрлөг	V	N	лөг	suffix
уулзах	уулзалт	V	N	лт	suffix
цуглах	цугларах	V	V	рах	suffix
цуглах	цуглаан	V	N	аан	suffix
нийлэх	нийлүүлэх	V	V	үүлэх	suffix
босох	босуул	V	N	уул	suffix
оргох	оргуул	V	N	уул	suffix
оргох	оргодол	V	N	дол	suffix
зугтах	зугтуул	V	N	уул	suffix
гагнах	гагнуур	V	N	уур	suffix
тэнцэх	тэнцвэр	V	N	вэр	suffix
салах	салгах	V	V	гах	suffix
үзүүлэх	үзүүлэн	V	N	н	suffix
үзэх	үзэсгэлэн	V	N	сгэлэн	suffix
бэлчээх	бэлчээр	V	N	р	suffix
илрүүлэх	илрүүлэлт	V	N	лт	suffix
тодорхой	тодорхойлох	J	V	лох	suffix
тулгах	тулгуур	V	N	уур	suffix
тоомжир	тоомжиргүй	J	J	гүй	suffix
хайхрамж	хайхрамжгүй	J	J	гүй	suffix
казино	казиночин	N	N	чин	suffix
хэт	хэтрэх	N	V	рэх	suffix
батал	баталгаа	V	N	гаа	suffix
нотлох	нотолгоо	V	N	гоо	suffix
хэт	хэтэрхий	N	J	рхий	suffix
хилэн	хилэнтэй	N	J	тэй	suffix
байрших	байршил	V	N	л	suffix
заах	зааг	V	N	г	suffix
засвар	засварлах	N	V	лах	suffix
засах	засвар	V	N	вар	suffix
хаах	хаалт	V	N	лт	suffix
уриалах	уриалга	V	N	га	suffix
ухуулах	ухуулга	V	N	га	suffix
турхирах	турхиралт	V	N	лт	suffix
явуулах	явуулга	V	N	га	suffix
өдөх	өдөлт	V	N	лт	suffix
хүч	хүчээр	N	R	ээр	suffix
албадах	албадан	V	R	н	suffix
тусгах	тусгал	V	N	л	suffix
холбох	холбоц	V	N	ц	suffix
хангал	хангалуун	J	J	уун	suffix
өгөх	өгөөш	V	N	өөш	suffix
тааламж	тааламжгүй	N	J	гүй	suffix
жигших	жигшим	V	J	м	suffix
урхи	урхидах	N	V	дах	suffix
дорой	доройтох	J	V	тох	suffix
санах	санал	V	N	л	suffix
сонгох	сонголт	V	N	лт	suffix
шилэх	шилэлт	V	N	лт	suffix
ялгах	ялгалт	V	N	лт	suffix
шийдэх	шийдвэр	V	N	вэр	suffix
тогтоох	тогтоол	V	N	л	suffix
зорих	зориг	V	N	г	suffix
санах	санаа	V	N	аа	suffix
эрмэлзэх	эрмэлзэл	V	N	л	suffix
томилох	томилгоо	V	N	гоо	suffix
жолоо	жолоодох	N	V	дох	suffix
дагах	дагуулах	V	V	уулах	suffix
хаах	хаалга	V	N	лга	suffix
цоо	цоолох	J	V	лох	suffix
ухаан	ухаарах	N	V	рах	suffix
гадар	гадарлах	N	V	лах	suffix
гялбах	гялбаа	N	V	аа	suffix
салах	салаа	N	V	аа	suffix
идэх	идэмхий	V	J	мхий	suffix
мөр	мөрдөх	N	V	дөх	suffix
нэр	нэрлэх	N	V	лэх	suffix
хаалга	хаалгач	N	N	ч	suffix
шившиг	шившигтэй	N	J	тэй	suffix
гутамшиг	гутамшигтай	N	J	тай	suffix
ичгүүр	ичгүүртэй	N	J	тэй	suffix
алхах	алхаа	N	V	аа	suffix
алхах	алхам	N	V	м	suffix
гарах	гарц	V	N	ц	suffix
загас	загасчлах	N	V	члах	suffix
зарчим	зарчимгүй	N	J	гүй	suffix
бодлого	бодлогогүй	N	J	гүй	suffix
ёс	ёсгүй	N	J	гүй	suffix
завхарах	завхарсан	V	J	сан	suffix
олиг	олиггүй	N	J	гүй	suffix
өөд	өөдгүй	J	J	гүй	suffix
ноорох	ноорог	V	N	г	suffix
цөөн	цөөхөн	J	J	хөн	suffix
зэргэх	зэргэмж	V	N	мж	suffix
тохируулах	тохируулга	V	N	га	suffix
шөвөг	шөвөгдөх	N	V	дөх	suffix
орох	оролцох	V	V	лцох	suffix
үхэх	үхүүлэх	V	V	үүлэх	suffix
цом	цомхон	J	J	сан	suffix
хөнгөн	хөнгөхөн	J	J	хөн	suffix
сул	сулхан	J	J	хан	suffix
илгэх	илгээн	V	N	ээн	suffix
чимээ	чимээгүй	N	J	гүй	suffix
сонгох	сонгууль	V	N	ууль	suffix
шургуулах	шургуулга	V	N	га	suffix
нурах	нураах	V	V	аах	suffix
сэдэх	сэдэв	V	N	в	suffix
үерхэх	үерхэл	V	N	л	suffix
нөхөрлөх	нөхөрлөл	V	N	л	suffix
хувцаслах	хувцаслалт	V	N	лт	suffix
сорих	сорилт	V	N	лт	suffix
үймрэх	үймэрсэн	V	J	сэн	suffix
замбараа	замбараагүй	J	J	гүй	suffix
тогтвор	тогтворгүй	N	J	гүй	suffix
зовиур	зовиуртай	N	J	тай	suffix
аюул	аюултай	N	J	тай	suffix
эгзэг	эгзэгтэй	N	J	тэй	suffix
бүтэх	бүтээх	V	V	ээх	suffix
хавтас	хавтаслах	N	V	лах	suffix
найрах	найрлага	V	N	лага	suffix
тогтворжих	тогтворжилт	V	N	лт	suffix
үсэглэх	үсэглэл	V	N	л	suffix
бичиглэх	бичиглэл	V	N	л	suffix
хасах	хасалт	V	N	лт	suffix
нөөх	нөөц	V	N	ц	suffix
харагдах	харагдац	V	N	ц	suffix
татгалзах	татгалзал	V	N	л	suffix
тээг	тээглэх	N	V	лэх	suffix
зоох	зоогдох	V	V	гдох	suffix
зохицуулах	зохицуулалт	V	N	лт	suffix
дусах	дусал	V	N	л	suffix
хамгаалах	хамгаалалт	V	N	лт	suffix
хамгаалах	хамгаалагч	V	N	гч	suffix
оргих	оргил	V	N	л	suffix
нийцэх	нийцэл	V	N	л	suffix
оосор	оосорлох	N	V	лох	suffix
тайлбарлах	тайлбарлагч	V	N	гч	suffix
ойлгомж	ойлгомжтой	N	J	той	suffix
чөлөө	чөлөөтэй	N	J	тэй	suffix
хатаах	хатаагуур	V	N	гуур	suffix
хатаах	хатаагч	V	N	гч	suffix
нөхөх	нөхвөр	V	N	вөр	suffix
орлуулах	орлуулалт	V	N	лт	suffix
үүсэх	үүсвэр	V	N	вэр	suffix
онгойх	онгойлгох	V	V	лгох	suffix
мулт	мултлах	J	V	лах	suffix
орлох	орлуулах	V	V	уулах	suffix
солих	солио	V	N	оо	suffix
тэнцэх	тэнцүү	V	J	үү	suffix
хаах	хаагдах	V	V	гдах	suffix
таг	таглах	N	V	лах	suffix
дэвших	дэвшил	V	N	л	suffix
ахих	ахиц	V	N	ц	suffix
 нээх	нээгдэх	V	V	гдэх	suffix
шинэчлэх	шинэчлэл	V	N	л	suffix
гайхамшиг	гайхамшигтай	N	J	тай	suffix
гайхал	гайхалтай	N	J	тай	suffix
чулуу	чулуужих	N	V	жих	suffix
шилжих	шилжүүлэх	V	V	үүлэх	suffix
хорих	хориг	V	N	г	suffix
доожоо	доожоогүй	N	J	гүй	suffix
зугтах	зугталт	V	N	лт	suffix
дайн	дайжих	N	V	жих	suffix
зугтах	зугтаах	V	V	аах	suffix
зугтах	зугтлага	V	N	лага	suffix
суга	сугалах	N	V	лах	suffix
шаардлага	шаардлагатай	N	J	тай	suffix
хэрэг	хэрэгтэй	N	J	тэй	suffix
гарах	гаргах	V	V	гах	suffix
хэрэгцээ	хэрэгцээтэй	N	J	тэй	suffix
эсэргүүцэх	эсэргүүцэл	V	N	л	suffix
тулалдах	тулалдаан	V	N	аан	suffix
хэрэг	хэрэггүй	N	J	гүй	suffix
ашиг	ашиггүй	N	J	гүй	suffix
лац	лацдах	N	V	дах	suffix
шүүх	шүүмж	V	N	мж	suffix
дүгнэх	дүгнэлт	V	N	лт	suffix
доожоо	тасралтгүй	N	J	гүй	suffix
орших	оршихуй	V	N	уй	suffix
орших	оршил	V	N	л	suffix
доог	дооглох	N	V	лох	suffix
шоо	шоолох	N	V	лох	suffix
даажин	даажигнах	N	V	гнах	suffix
цаашлах	цаашлуулах	V	V	уулах	suffix
толгойлох	толгойлогч	V	N	гч	suffix
төгсгөх	төгсгөл	V	N	л	suffix
сул	суллах	J	V	лах	suffix
сайн	сайхан	J	J	хан	suffix
сонсох	сонсогч	V	N	гч	suffix
буян	буянтай	N	J	тай	suffix
ачлал	ачлалтай	N	J	тай	suffix
сүвэг	сүвэгчлэх	N	V	члэх	suffix
сүв	сүвлэх	N	V	лэх	suffix
амьдрах	амьдрал	V	N	л	suffix
дархлах	дархлал	V	N	л	suffix
устах	устал	V	N	л	suffix
мөхөх	мөхөл	V	N	л	suffix
шившиг	шившигт	N	J	т	suffix
гутамшиг	гутамшигт	V	J	т	suffix
завсарлах	завсарлага	V	N	га	suffix
хагарах	хагарал	V	N	л	suffix
буух	буулгах	V	V	лгах	suffix
бутрах	бутрал	V	N	л	suffix
задрах	задрал	V	N	л	suffix
сөнөх	сөнөл	V	N	л	suffix
сүйрэх	сүйрэл	V	N	л	suffix
дампуурах	дампуурал	V	N	л	suffix
нунтаг	нунтаглах	N	V	лах	suffix
үйрэх	үйрүүлэх	V	V	үүлэх	suffix
няц	няцлах	J	V	лах	suffix
жижиг	жижиглэх	J	V	лэх	suffix
уурших	ууршилт	V	N	лт	suffix
харих	хариу	V	N	уу	suffix
хариу	хариулт	N	N	лт	suffix
нийлэх	нийлэмж	V	N	мж	suffix
бичих	бичиг	V	N	г	suffix
найрамдах	найрамдал	V	N	л	suffix
дэгээ	дэгээдэх	N	V	дэх	suffix
бүс	бүслэх	N	V	лэх	suffix
товч	товчлох	N	V	лох	suffix
тэнийх	тэнийлгэх	V	V	лгэх	suffix
шидэх	шидлэх	V	V	лэх	suffix
сүйрэх	сүйрүүлэх	V	V	үүлэх	suffix
түйвэх	түйвээн	V	N	ээн	suffix
үймэх	үймээн	V	N	ээн	suffix
шуугих	шуугиан	V	N	аан	suffix
эхлэх	эхлэл	V	N	л	suffix
бэлгэдэх	бэлгэдэл	V	N	л	suffix
ёс	ёсолгоо	N	N	лгоо	suffix
мэндчилэх	мэндчилгээ	J	N	лгээ	suffix
үймэх	үймэлдэх	V	V	лдэх	suffix
шуугих	шуугилдах	V	V	лдах	suffix
хөөрцөг	хөөрцөглөх	N	V	лөх	suffix
бараан	бараантах	J	J	тах	suffix
нүүгэх	нүүгэлтэх	V	V	тэх	suffix
норох	норгох	V	V	гох	suffix
чийг	чийглэх	N	V	лэх	suffix
хүчирхийлэх	хүчирхийлэл	V	N	л	suffix
нэмэх	нэмэлт	V	N	лт	suffix
хавсрах	хавсралт	V	N	лт	suffix
цуврах	цуврал	V	N	л	suffix
устах	устгах	V	V	гах	suffix
сандрах	сандрал	V	N	л	suffix
түгших	түгшүүр	V	N	р	suffix
хөгжил	хөгжилдөх	N	V	дөх	suffix
зугаа	зугаацах	N	V	цах	suffix
иш	ишлэх	N	V	лэх	suffix
ишлэх	ишлэл	V	N	л	suffix
байлдах	байлдаан	V	N	аан	suffix
мөргөлдөх	мөргөлдөөн	V	N	өөн	suffix
шавааралдах	шавааралдуулах	V	V	уулах	suffix
овооролдох	овооролдуулах	V	V	уулах	suffix
саармаг	саармагжих	N	V	жих	suffix
саармагжих	саармагжуулах	V	V	уулах	suffix
хөдөлгөх	хөдөлгүүр	V	N	р	suffix
хардах	хардалт	V	N	лт	suffix
эргэлзэх	эргэлзээ	V	N	ээ	suffix
сэрдэх	сэрдэлт	V	N	лт	suffix
хардах	хардлага	V	N	лага	suffix
тарах	тархах	V	V	х	suffix
салаа	салаалах	N	V	лах	suffix
салбар	салбарлах	N	V	лах	suffix
гарах	гараа	V	N	аа 	suffix
олз	олзлох	N	V	лох	suffix
илрэх	илрүүлэх	V	V	үүлэх	suffix
хор	хортой	N	J	той	suffix
хор	хоргүй	N	J	гүй	suffix
хөнөөл	хөнөөлгүй	N	N	гүй	suffix
танилцуулах	танилцуулга	V	N	лга	suffix
амт	амтгүй	N	J	гүй	suffix
уйтгар	уйтгартай	N	J	тай	suffix
давс	давсгүй	N	J	гүй	suffix
залхуу	залхуутай	N	J	тай	suffix
үүсгэх	үүсгүүр	V	N	үүр	suffix
элбэрэл	элбэрэлтэй	N	J	тэй	suffix
угсрах	угсралт	V	N	лт	suffix
суурилуулах	суурилуулалт	V	N	лт	suffix
суулгах	суулгац	V	N	ц	suffix
цуглах	цуглуулах	V	V	уулах	suffix
гуних	гуниг	V	N	г	suffix
зовох	зовлон	V	N	лон	suffix
гомдох	гомдол	V	N	л	suffix
харуусах	харуусал	V	N	л	suffix
гонсойх	гонсойлт	V	N	лт	suffix
гуниглах	гуниглал	V	N	л	suffix
гэм	гэмгүй	N	J	гүй	suffix
буруу	буруугүй	N	J	гүй	suffix
хуйлах	хуйлаас	V	N	аас	suffix
хуйлах	хуйлмал	V	N	мал	suffix
сүр	сүрдэх	J	V	дэх	suffix
шинэтгэх	шинэтгэл	V	N	л	suffix
гайхшрах	гайхшруулах	V	V	уулах	suffix
айх	айлгах	V	V	лгах	suffix
цочих	цочоох	V	V	оох	suffix
илтгэх	илтгэл	V	N	л	suffix
тодрох	тодорхой	J	V	хой	suffix
дурсах	дурсамж	V	N	мж	suffix
дурдатгах	дурдатгал	V	N	л	suffix
ан	анчин	N	N	чин	suffix
орох	оруулах	V	V	уулах	suffix
тэлэх	тэлэлт	V	N	лт	suffix
өргөтгөх	өргөтгөл	V	N	л	suffix
цэвэрлэх	цэвэрлэгээ	V	N	гээ	suffix
хориг	хориглох	N	V	лох	suffix
номхон	номхотгох	J	V	тгох	suffix
сонирхох	сонирхогч	V	N	гч	suffix
унших	уншигч	V	N	гч	suffix
цэвэршүүлэх	цэвэршүүлэлт	V	N	лт	suffix
ариусгах	ариусгал	V	N	л	suffix
шүүр	шүүрдэх	N	V	дэх	suffix
цэвэр	цэвэрлэх	J	V	лэх	suffix
уужрах	уужрал	V	N	л	suffix
тайтгарах	тайтгарал	V	N	л	suffix
зохиох	зохиол	V	N	л	suffix
харъяа	харъяат	J	J	т	suffix
эрхшээх	эрхшээл	V	N	л	suffix
чадавхи	чадавхигүй	N	J	гүй	suffix
хүч	хүчгүй	N	J	гүй	suffix
чадал	чадалгүй	N	J	гүй	suffix
чадвар	чадваргүй	N	J	гүй	suffix
цөхрөх	цөхрөл	V	N	л	suffix
хараа	хараат	N	J	т	suffix
шилжих	шилжилт	V	N	лт	suffix
импорт	импортлох	N	V	лох	suffix
нэвтрэх	нэвтрүүлэх	V	V	үүлэх	suffix
шоглох	шоглоом	V	N	оом	suffix
эсрэгцэх	эсрэгцэл	V	N	л	suffix
шавхуур	шавхуурдах	N	V	дах	suffix
гуя	гуядах	N	V	дах	suffix
ташуур	ташуурдах	N	V	дах	suffix
алга	алгадах	N	V	дах	suffix
донсолгох	донсолгоо	V	N	оо	suffix
ганхах	ганхалт	V	N	лт	suffix
дайвах	дайвалт	V	N	лт	suffix
чичирхийлэх	чичирхийлэл	V	N	л	suffix
хөдлөх	хөдлөл	V	N	л	suffix
чичиргэх	чичиргээ	V	N	ээ	suffix
доргих	доргио	V	N	оо	suffix
заах	заавар	V	N	вар	suffix
зааварчилах	зааварчилгаа	V	N	гаа	suffix
төлөх	төлөөс	V	N	өөс	suffix
урсгах	урсгал	V	N	л	suffix
шинэ	шинэчлэх	J	V	члэх	suffix
гоё	гоёх	J	V	х	suffix
гоёх	гоёл	V	N	л	suffix
арчих	арчлах	V	V	лах	suffix
барих	барилга	V	N	лга	suffix
наадах	наадам	V	N	м	suffix
тоглох	тоглоом	V	N	оом	suffix
дүрс	дүрслэх	N	V	лэх	suffix
савлах	савлуур	V	N	уур	suffix
тэмдэглэх	тэмдэглэл	V	N	л	suffix
үйлдэх	үйлдвэр	V	N	вэр	suffix
зогсох	зогсоох	V	V	оох	suffix
зогсох	зогсолт	V	N	лт	suffix
үсрэх	үсэргэх	V	V	гэх	suffix
хөөрөх	хөөргөх	V	V	гөх	suffix
чавх	чавхдах	N	V	дах	suffix
удирдах	удирдлага	V	N	лага	suffix
санаачлах	санаачлагч	V	N	гч	suffix
эхлүүлэх	эхлүүлэгч	V	N	гч	suffix
хуурах	хуурамч	V	J	мч	suffix
орчуулах	орчуулга	V	N	га	suffix
нөхөх	нөхөөс	V	N	өөс	suffix
дэвэх	дэвүүр	V	N	үүр	suffix
хуучирах	хуучирсан	V	J	сан	suffix
удах	удсан	V	J	сан	suffix
зурах	зурвас	V	N	вас	suffix
захих	захидал	V	N	дал	suffix
захих	захиа	V	N	аа	suffix
шалгах	шалгагч	V	N	гч	suffix
ядрах	ядаргаа	V	N	гаа	suffix
залбирах	залбирал	V	N	л	suffix
сульдах	сульдаа	V	N	аа	suffix
сул	сулрах	J	V	рах	suffix
шинэ	шинэлэг	J	J	лэг	suffix
шинэ	шинэхэн	J	J	хэн	suffix
сурах	сургах	V	V	гах	suffix
дасгалжих	дасгалжуулах	V	V	уулах	suffix
мансуурах	мансуурал	V	N	л	suffix
согтох	согтолт	V	N	лт	suffix
түгээх	түгээлт	V	N	лт	suffix
дэлгэрэх	дэлгэрүүлэх	V	V	үүлэх	suffix
хураах	хураангуй	V	J	нгуй	suffix
товчлох	товчлол	V	N	л	suffix
зураглах	зураглал	V	N	л	suffix
будах	будаг	V	N	г	suffix
эргэх	эргүү	V	J	үү	suffix
илчлэх	илчлэлт	V	N	лт	suffix
намин	наминчлах	J	V	члах	suffix
ил	илчлэх	J	V	члэх	suffix
наманчлах	наманчлал	V	N	л	suffix
өчих	өчил	V	N	л	suffix
асуух	асуулга	V	N	лга	suffix
хөдөлгөх	хөдөлгөөн	V	N	өөн	suffix
нүүх	нүүдэл	V	N	дэл	suffix
эсэх	эслэг	V	N	лэг	suffix
турших	туршлага	V	N	лага	suffix
дадах	дадлага	V	N	лага	suffix
сэтгүүл	сэтгүүлч	N	N	ч	suffix
шүүх	шүүгч	V	N	гч	suffix
шимтгэх	шимтгэл	V	N	л	suffix
аялах	аялал	V	N	л	suffix
зугаалах	зугаалга	V	N	га	suffix
хууль	хуульч	N	N	ч	suffix
уурга	уургалах	N	V	лах	suffix
үржих	үржүүлэх	V	V	үүлэх	suffix
ургах	ургуулах	V	V	уулах	suffix
бухимдах	бухимдал	V	N	л	suffix
шүүлт	шүүлтүүр	N	N	үүр	suffix
жагсах	жагсаал	V	N	аал	suffix
хатуу	хатуурах	J	V	рах	suffix
хөвчрөх	хөвчрөл	V	N	л	suffix
хөвч	хөвчрөх	N	V	рөх	suffix
чанга	чангарах	J	V	рах	suffix
хүсэх	хүсэл	V	N	л	suffix
өлсөх	өлсгөлөн	V	J	гөлөн	suffix
гүйх	гүйлт	V	N	лт	suffix
чулуу	чулуудах	N	V	дах	suffix
гуйвах	гуйвуулах	V	V	уулах	suffix
цэлийх	цэлийсэн	V	J	сэн	suffix
саад	саадгүй	N	J	гүй	suffix
бартаа	бартаагүй	N	J	гүй	suffix
сайн	сайтай	J	J	тай	suffix
тэнэх	тэнүүл	V	N	үүл	suffix
ажиллах	ажилчин	V	N	чин	suffix
үргүйдэх	үргүйдэл	V	N	л	suffix
жирэмслэдэг	жирэмслэдэггүй	V	J	гүй	suffix
асуух	асуудал	V	N	дал	suffix
хөтлөх	хөтөлбөр	V	N	бөр	suffix
таслах	тасалбар	V	N	бар	suffix
нэг	нэгдүгээр	N	N	дүгээр	suffix
найр	найртай	N	J	тай	suffix
шор	шорлох	N	V	лох	suffix
сүлбээр	сүлбээрдэх	N	V	дэх	suffix
нисэх	нислэг	V	N	лэг	suffix
цэвэр	цэвэрхэн	J	J	хэн	suffix
нэвт	нэвтрэх	J	V	рэх	suffix
дайрах	дайралт	V	N	лт	suffix
довтлох	довтолгоо	V	N	лгоо	suffix
хулгай	хулгайлах	N	V	лах	suffix
барьцаа	барьцаалах	N	V	лах	suffix
ойлгомж	ойлгомжгүй	N	J	гүй	suffix
бүрхэх	бүрхэг	V	N	г	suffix
өмгөөлөх	өмгөөлөгч	V	N	гч	suffix
сурах	сурагч	V	N	гч	suffix
илтгэх	илтгэгч	V	N	гч	suffix
эргэх	эргэлт	V	N	лт	suffix
тасрах	тасархай	V	N	хай	suffix
үнэн	үнэхээр	N	J	хээр	suffix
муу	муухай	J	J	хай	suffix
цочирдох	цочирдмоор	V	J	моор	suffix
эв	эвгүй	N	J	гүй	suffix
айх	аймаар	V	J	маар	suffix
худал	худалч	J	N	ч	suffix
түшиг	түшиглэх	N	V	лэх	suffix
тээх	тээвэр	V	N	вэр	suffix
цочрох	цочрол	N	V	л	suffix
шидэх	шидэлт	V	N	лт	suffix
хаях	хаялт	V	N	лт	suffix
мөрдөх	мөрдөлт	V	N	лт	suffix
мөрдөх	мөрдлөг	V	N	лөг	suffix
тарих	тарилга	V	N	лга	suffix
таамаг	таамаглах	N	V	лах	suffix
баримжаа	баримжаалах	J	V	лах	suffix
багцаа	багцаалах	N	V	лах	suffix
дамжих	дамжуулах	V	V	уулах	suffix
нэмэгдэх	нэмэгдэлт	V	N	лт	suffix
хөөрөх	хөөрөлт	V	N	лт	suffix
өсөх	өсөлт	V	N	лт	suffix
зүй	зүйтэй	J	J	тэй	suffix
нүх	нүхлэх	N	V	лэх	suffix
хурдатгах	хурдатгал	V	N	л	suffix
хурдасгах	хурдасгал	V	N	л	suffix
хурдасгах	хурдасгагч	V	N	гч	suffix
худалдах	худалдаа	V	N	аа	suffix
арилжах	арилжаа	V	N	аа	suffix
ялагдах	ялагдагч	V	N	гч	suffix
түлээ	түлээчин	N	N	чин	suffix
хуй	хуйлах	N	V	лах	suffix
нээлт	нээлттэй	N	J	тэй	suffix
илбэ	илбэчин	N	N	чин	suffix
нууц	нууцлаг	N	J	лаг	suffix
 бүтээх	бүтээл	V	N	л	suffix
үйлдвэрлэх	үйлдвэрлэл	V	N	л	suffix
шуудан	шууданч	N	N	ч	suffix
зөрчих	зөрчигч	V	N	гч	suffix
хатгах	хатгуулах	V	V	уулах	suffix
барьцах	барьцалдах	V	V	лдах	suffix
мөргөл	мөргөлдөх	N	V	дөх	suffix
завхрах	завхрал	V	N	л	suffix
бичих	бичээч	V	N	ээч	suffix
үйлдвэрлэх	үйлдвэрлэгч	V	N	гч	suffix
хөнгөлөх	хөнгөлөлт	V	N	лт	suffix
хөнгөн	хөнгөлөх	J	V	лөх	suffix
багасах	багасгах	V	V	гах	suffix
овоо	овоолох	N	V	лох	suffix
давхар	давхарлах	N	V	лах	suffix
унжих	унжлага	V	N	лага	suffix
баригдах	баригдашгүй	V	J	шгүй	suffix
ур	уран	N	J	н	suffix
тарах	тараах	V	V	аах	suffix
анги	ангилах	N	V	лах	suffix
хуваарь	хуваарилах	N	V	лах	suffix
төлөв	төлөвлөх	N	V	лөх	suffix
түгэх	түгээх	V	V	ээх	suffix
жижгэрэх	жижгэрүүлэх	V	V	үүлэх	suffix
хэрэглэх	хэрэглээ	V	N	ээ	suffix
эдлэх	эдэлгээ	V	N	гээ	suffix
биелэх	биелэлт	V	N	лт	suffix
хэрэгжих	хэрэгжилт	V	N	лт	suffix
далай	далайчин	N	N	чин	suffix
агшаах	агшаалт	V	N	лт	suffix
илэрхийлэх	илэрхийлэл	V	N	л	suffix
тайрах	тайралт	V	N	лт	suffix
бариа	бариач	N	N	ч	suffix
илэх	илээч	V	N	ээч	suffix
жижиг	жижигсгэх	J	V	сгэх	suffix
жижиг	жижигсэх	J	V	сэх	suffix
суутгах	суутгал	V	N	л	suffix
хямдрах	хямдруулах	V	V	уулах	suffix
хямдрах	хямдрал	V	N	л	suffix
зуучлах	зуучлагч	V	N	гч	suffix
шингэн	шингэлэх	N	V	лэх	suffix
математик	математикч	N	N	ч	suffix
өсөх	өсгөх	V	V	гөх	suffix
нэмэгдэх	нэмэгдүүлэх	V	V	үүлэх	suffix
бадрах	бадраах	V	V	аах	suffix
идэвхжих	идэвхжүүлэх	V	V	үүлэх	suffix
ихсэх	ихэсгэх	V	V	гэх	suffix
томсох	томосгох	V	V	гох	suffix
өсгөх	өсгөлт	V	N	лт	suffix
томруулах	томруулалт	V	N	лт	suffix
медаль	медальтан	N	N	тан	suffix
шүрших	шүршигч	V	N	гч	suffix
шүрших	шүршилт	V	N	лт	suffix
дөхөх	дөхүү	V	J	үү	suffix
төс	төстэй	N	J	тэй	suffix
гал	галлах	N	V	лах	suffix
буу	буудах	N	V	дах	suffix
дүүжлэх	дүүжлүүр	V	N	үүр	suffix
зүүх	зүүлт	V	N	лт	suffix
нөөц	нөөцлөх	N	V	лөх	suffix
агуу	агуулах	N	V	лах	suffix
хүрээ	хүрээлэх	N	V	лэх	suffix
даамжрах	даамжрал	V	N	л	suffix
засварлах	засварлагч	V	N	гч	suffix
дэлбэрэх	дэлбэрэлт	V	N	лт	suffix
тэсрэх	тэсрэлт	V	N	лт	suffix
ажил	ажиллах	N	V	лах	suffix
шатах	шаталт	V	N	лт	suffix
эвсэх	эвсэл	V	N	л	suffix
нийгэм	нийгэмлэг	N	N	лэг	suffix
будилах	будлиан	V	N	аан	suffix
төөрөлдөх	төөрөлдөл	V	N	л	suffix
төөрөгдөх	төөрөгдөл	V	N	л	suffix
зохицох	зохицол	V	N	л	suffix
нийлэх	нийлмэл	V	J	л	suffix
холих	холимог	V	N	мог	suffix
таарах	таарамж	V	N	мж	suffix
суух	суулгах	V	V	лгах	suffix
үүр	үүрлэх	N	N	лэх	suffix
нээх	нээлт	V	N	лт	suffix
хагацах	хагацал	V	N	л	suffix
холдох	холдолт	V	N	лт	suffix
салах	салалт	V	N	лт	suffix
найдвар	найдваргүй	N	J	гүй	suffix
итгэл	итгэлгүй	N	J	гүй	suffix
саатах	саатуулах	V	V	уулах	suffix
шог	шоглох	N	V	лох	suffix
сарних	сарнил	V	N	л	suffix
хуваагдах	хуваагдал	V	N	л	suffix
цэгц	цэгцлэх	N	V	лэх	suffix
уурхай	уурхайчин	N	N	чин	suffix
ир	иртэй	N	J	тэй	suffix
хэвлэх	хэвлэл	V	N	л	suffix
өө	өөгүй	N	J	гүй	suffix
багтрах	багтраа	V	N	аа	suffix
хөтлөх	хөтлөгч	V	N	гч	suffix
ангилах	ангилал	V	N	л	suffix
хувирал	хувиралгүй	N	J	гүй	suffix
ондоо	ондооших	N	V	ших	suffix
дүүргэх	дүүргэлт	V	N	лт	suffix
хангах	хангалт	V	N	лт	suffix
заль	зальтай	N	J	тай	suffix
заль	зальжин	N	J	жин	suffix
гэмтэх	гэмтэл	V	N	л	suffix
эвдэх	эвдэлт	V	N	лт	suffix
сүйтгэх	сүйтгэлт	V	N	лт	suffix
сургах	сургамж	V	N	мж	suffix
харьяалал	харьяалалгүй	N	J	гүй	suffix
алуур	алуурчин	N	N	чин	suffix
дадах	дадал	V	N	л	suffix
зурших	зуршил	V	N	л	suffix
захирах	захиргаа	V	N	гаа	suffix
сөнөх	сөнөөх	V	V	өөх	suffix
сүйд	сүйдлэх	J	V	лэх	suffix
унах	унагах	V	V	гах	suffix
дэлбэ	дэлбэлэх	J	V	лэх	suffix
төгсөх	төгсөгч	V	N	гч	suffix
тэврэх	тэврэлт	V	N	лт	suffix
мөлжих	мөлжлөг	V	N	лөг	suffix
унтарах	унтраах	V	V	аах	suffix
дарамт	дарамтлах	N	V	лах	suffix
дүрслэх	дүрслэл	V	N	л	suffix
суурилах	суурилуулах	V	V	уулах	suffix
тоног	тоноглох	N	V	лох	suffix
шүтлэг	шүтлэгтэй	N	J	тэй	suffix
хүндэтгэл	хүндэтгэлтэй	N	J	тэй	suffix
бишрэл	бишрэлтэй	N	J	тэй	suffix
сүжиг	сүжигтэй	N	J	тэй	suffix
бэлчих	бэлчээх	V	V	ээх	suffix
хөгжил	хөгжилтэй	N	J	тэй	suffix
зугаа	зугаатай	N	J	тай	suffix
сонирхох	сонирхол	V	N	л	suffix
наадах	наадгай	V	N	гай	suffix
оролцох	оролцуулах	V	V	уулах	suffix
хамаарах	хамааруулах	V	V	уулах	suffix
урагшлах	урагшлуулах	V	V	уулах	suffix
мэдэгдэх	мэдэгдэл	V	N	л	suffix
даруу	даруухан	J	J	хан	suffix
гашуудах	гашуудал	V	N	л	suffix
эмгэнэх	эмгэнэл	V	N	л	suffix
зав	завгүй	N	J	гүй	suffix
мэдээлэх	мэдээлэл	V	N	л	suffix
давтах	давталт	V	N	лт	suffix
дахих	дахилт	V	N	лт	suffix
гэлэн	гэлэнмаа	N	N	маа	suffix
санаанд	санаандгүй	J	J	гүй	suffix
санамсар	санамсаргүй	N	J	гүй	suffix
хянах	хянагч	V	N	гч	suffix
ажиглах	ажиглагч	V	N	гч	suffix
судлах	судлагч	V	N	гч	suffix
сам	самнах	N	V	нах	suffix
бичих	бичилт	V	N	лт	suffix
үзэсгэлэн	үзэсгэлэнтэй	J	J	тэй	suffix
баяр	баярлах	N	J	лах	suffix
таа	таагүй	N	J	гүй	suffix
бөглөрөх	бөглөрөл	V	N	л	suffix
саатах	саатал	V	N	л	suffix
түгжрэх	түгжрэл	V	N	л	suffix
тэмдэглэх	тэмдэглэгээ	V	N	гээ	suffix
ангуучлах	ангуучлал	V	N	л	suffix
сайшаах	сайшаамаар	V	J	маар	suffix
биширэх	биширмээр	V	J	мээр	suffix
магтууш	магтууштай	N	J	тай	suffix
гайхах	гайхмаар	V	J	маар	suffix
үзэх	үзэгч	V	N	гч	suffix
сонирхох	сохирхогч	V	N	гч	suffix
загасчлах	загасчлал	V	N	л	suffix
амар	амархан	J	J	хан	suffix
шархлах	шархлаа	V	N	аа	suffix
батжих	батжилт	V	N	лт	suffix
бэхжих	бэхжилт	V	N	лт	suffix
залуурдах	залуурдагч	V	N	гч	suffix
жолоо	жолооч	N	N	ч	suffix
долигонох	долигонуур	V	J	уур	suffix
савах	савчих	V	V	чих	suffix
барих	бариул	V	N	уул	suffix
захиалах	захиалагч	V	N	гч	suffix
довтлогоо	довтлогоон	N	N	н	suffix
гэгээ	гэгээтэй	N	J	тэй	suffix
гэрэл	гэрэлтэй	N	J	тэй	suffix
барзайх	барзгар	V	J	гар	suffix
ачаа	ачаалах	N	V	лах	suffix
ноогдох	ноогдол	V	N	л	suffix
зурах	зураач	V	N	аач	suffix
танилцах	танилцуулах	V	V	уулах	suffix
зохис	зохисгүй	N	J	гүй	suffix
мэргэжил	мэргэжилтэн	N	N	тэн	suffix
гуйлга	гуйлгачин	N	N	чин	suffix
боломж	боломжгүй	N	J	гүй	suffix
тэгшлэх	тэгшлэлт	V	N	лт	suffix
тэнцүүлэх	тэнцүүлэлт	V	N	лт	suffix
адилтгах	адилтгал	V	N	л	suffix
тэнцэтгэх	тэнцэтгэл	V	N	л	suffix
тэгшитгэх	тэгшитгэл	V	N	л	suffix
билүү	билүүдэх	N	V	дэх	suffix
зөвлөх	зөвлөгөө	V	N	гөө	suffix
дуулах	дуулга	V	N	га	suffix
сануулах	сануулга	V	J	га	suffix
сэрэмжлүүлэх	сэрэмжлүүлэг	V	N	г	suffix
анхааруулах	анхааруулга	V	N	лга	suffix
түүвэр	түүвэрлэх	N	V	лэх	suffix
жиших	жишиг	V	N	г	suffix
жиших	жишээ	V	N	ээ	suffix
нуух	нууц	V	N	ц	suffix
үлдэх	үлдээх	V	V	ээх	suffix
хүрэх	хүргэх	V	V	гэх	suffix
хамтрах	хамтрагч	V	N	гч	suffix
нөлөө	нөлөөтэй	N	J	тэй	suffix
зорчих	зорчигч	V	N	гч	suffix
санаа	санаачлах	N	V	чилах	suffix
залах	залуур	V	N	уур	suffix
сурвалжлах	сурвалжлага	V	N	га	suffix
анх	анхлах	J	V	лах	suffix
урамшуулах	урамшуулал	V	N	л	suffix
өдөх	өдөөх	V	V	өөх	suffix
сэдэх	сэдэгч	V	N	гч	suffix
эхлэх	эхлүүлэх	V	V	үүлэх	suffix
амьдчилах	амьдчилал	V	N	л	suffix
хүнчлэх	хүнчлэл	V	N	л	suffix
хүншүүлэх	хүншүүлэлт	V	N	лт	suffix
жимс	жимслэх	N	V	лэх	suffix
үүсэх	үүсгэх	V	V	гэх	suffix
сайн	сайшаах	J	V	шаах	suffix
магтах	магтаал	V	N	аал	suffix
сайшаах	сайшаал	V	N	л	suffix
бялдуучлах	бялдуучлал	V	N	л	suffix
бялдуу	бялдууч	N	N	ч	suffix
долгинох	долгинуур	V	N	уур	suffix
гачих	гачигдах	V	V	гдах	suffix
байх	байхгүй	V	J	гүй	suffix
шан	шагнах	N	V	нах	suffix
цоорох	цоорхой	V	N	ой	suffix
философи	философич	N	N	ч	suffix
үнэн	үнэнч	J	J	ч	suffix
мөргөл	мөргөлчин	N	N	чин	suffix
түших	түшиг	V	J	г	suffix
эгэлдэр	эгэлдэрлэх	N	V	лэх	suffix
нисгэх	нисгэгч	V	N	гч	suffix
орлох	орлогч	V	N	гч	suffix
анх	анхдагч	J	N	дагч	suffix
хошуучлах	хошуучлагч	V	N	гч	suffix
манлайлах	манлайлагч	V	N	гч	suffix
чагнах	чагнаал	V	N	аал	suffix
нэхэмжлэх	нэхэмжлэгч	V	N	гч	suffix
дон	донтон	N	N	тон	suffix
тамир	тамирчин	N	N	чин	suffix
тоглох	тоглогч	V	N	гч	suffix
эмнэх	эмнэлэг	V	N	лэг	suffix
зол	золгүй	N	J	гүй	suffix
хувь	хувьгүй	N	J	гүй	suffix
шим	шимтэй	N	J	тэй	suffix
ашиг	ашигтай	N	J	тай	suffix
тус	тустай	N	J	тай	suffix
дүүрэх	дүүрэн	V	J	н	suffix
зэмлэх	зэмлэл	V	N	л	suffix
шүлэг	шүлэгч	N	N	ч	suffix
дадлага	дадлагагүй	N	J	гүй	suffix
барагтай	барагтайхан	J	J	хан	suffix
хангалт	хангалтгүй	N	J	гүй	suffix
туршлага	туршлагагүй	N	J	гүй	suffix
дуль	дульхан	J	J	хан	suffix
тааруу	тааруухан	J	J	хан	suffix
цагдах	цагдаа	V	N	аа	suffix
орох	оромж	V	N	мж	suffix
доромжлох	доромжлол	V	N	л	suffix
басамжлах	басамжлал	V	N	л	suffix
даажигнах	даажигнал	V	N	л	suffix
тохуурхах	тохуурхал	V	N	л	suffix
инээх	инээдэм	V	N	дэм	suffix
жигших	жигшил	V	N	л	suffix
дургүйцэх	дургүйцэл	V	N	л	suffix
зэвүүцэх	зэвүүцэл	V	N	л	suffix
судлах	судлаач	V	N	аач	suffix
шинжих	шинжээч	V	N	ээч	suffix
хаших	хашилт	V	N	лт	suffix
гүжирдлэх	гүжирдлэг	V	N	г	suffix
нийтлэх	нийтлэл	V	N	л	suffix
хавчих	хавчуулах	V	V	уулах	suffix
тэгш	тэгшхэн	J	J	хэн	suffix
зарлах	зарлал	V	N	л	suffix
тунхаглах	тунхаглал	V	N	л	suffix
баярлах	баярлуулах	V	V	уулах	suffix
илэрхий	илэрхийлэх	N	V	лэх	suffix
бэлгэ	бэлгэдэх	N	V	дэх	suffix
хүн	хүнгүй	N	J	гүй	suffix
дэлгэх	дэлгэрэх	V	V	рэх	suffix
ваар	ваарчин	N	N	чин	suffix
засаг	засаглах	N	N	лах	suffix
үйлдэх	үйлдэл	V	N	л	suffix
битүүлэх	битүүлэг	V	N	г	suffix
мэдүүлэх	мэдүүлэг	V	N	г	suffix
сүрдүүлэх	сүрдүүлэг	V	N	г	suffix
заналхийлэх	заналхийлэл	V	N	л	suffix
хөг	хөгжим	N	N	жим	suffix
бяцрах	бяцралт	V	N	лт	suffix
хөхрөх	хөхрөлт	V	N	лт	suffix
хэрэгсэх	хэрэгсэл	V	N	л	suffix
онгирох	онгироо	V	J	оо	suffix
шатаах	шатаагч	V	N	гч	suffix
мултрах	мултрал	V	N	л	suffix
шалтаг	шалтгаан	N	N	аан	suffix
үндэслэх	үндэслэл	V	N	л	suffix
өрсөлдөх	өрсөлдөөн	V	N	өөн	suffix
амь	амьтай	N	J	тай	suffix
бутрах	бутраах	V	V	аах	suffix
завхай	завхайрах	V	J	рах	suffix
тодорхойлох	тодорхойлолт	V	N	лт	suffix
гайхшрах	гайхашрал	V	N	л	suffix
дэг	дэггүй	N	J	гүй	suffix
сахилга	сахилгагүй	N	J	гүй	suffix
томоо	томоогүй	N	J	гүй	suffix
төрх	төрхгүй	N	J	гүй	suffix
буцах	буцалт	V	N	лт	suffix
биелэх	биелүүлэх	V	V	үүлэх	suffix
бэртэх	бэртэлт	V	N	лт	suffix
байгуулах	байгууллага	V	N	лага	suffix
бүжиг	бүжиглэх	N	V	лэх	suffix
төсөөлөх	төсөөлөл	V	N	л	suffix
таамаглах	таамаглал	V	N	л	suffix
хөнгөн	хөнгөмсөг	N	J	мсөг	suffix
хожим	хожимдох	N	V	дох	suffix
орой	оройтох	N	V	тох	suffix
дам	дамчин	N	N	чин	suffix
программ	программч	N	N	ч	suffix
шаардах	шаардлага	V	N	лага	suffix
болзох	болзол	V	N	л	suffix
хөгжим	хөгжимдөх	N	V	дөх	suffix
найруулах	найрууламж	V	N	мж	suffix
зохиох	зохиомж	V	N	мж	suffix
хольц	хольцгүй	N	J	гүй	suffix
зохиох	зохиомол	V	N	мол	suffix
хий	хиймэл	N	N	мэл	suffix
дуурайх	дуураймал	V	N	мал	suffix
үзэх	үзэгдэх	V	V	гдэх	suffix
ургац	ургацаг	N	N	г	suffix
чадах	чадвар	V	N	вар	suffix
тэмдэглэх	тэмдэглүүлэх	V	V	үүлэх	suffix
тэмдэг	тэмдэглэх	N	V	лэх	suffix
хуур	хуурдах	N	V	дах	suffix
хязгаар	хязгаарлах	N	V	лах	suffix
цэмцийх	цэмцгэр	V	J	гэр	suffix
сэрүүн	сэрүүхэн	J	J	хэн	suffix
таглах	таглаа	V	N	аа	suffix
бөглөх	бөглөө	V	N	өө	suffix
дуу	дуулах	N	V	лах	suffix
эндэх	эндэл	V	N	л	suffix
эндүүрэх	эндүүрэл	V	N	л	suffix
шулганах	шулганалдах	V	V	лдах	suffix
эргэлзээ	эргэлзээтэй	N	J	тэй	suffix
сэжиг	сэжигтэй	N	J	тэй	suffix
жиг	жигтэй	J	J	тэй	suffix
өвдөх	өвдөлт	V	N	лт	suffix
ганцаардах	ганцаардал	V	N	л	suffix
шаналах	шаналал	V	N	л	suffix
үйлчилэх	үйлчилгээ	V	N	гээ	suffix
үүрэх	үүрэг	V	N	г	suffix
шуугиан	шуугиантай	N	J	тай	suffix
чимээ	чимээтэй	N	J	тэй	suffix
үймээн	үймээнтэй	N	J	тэй	suffix
амьжих	амьжиргаа	V	N	ргаа	suffix
бааш	бааштай	N	J	тай	suffix
орилох	орилолдох	V	V	лдох	suffix
савсагнах	савсагнуур	V	N	уур	suffix
хандах	хандуулах	V	V	уулах	suffix
индукц	индукцлэх	N	V	лэх	suffix
егөөдөх	егөөдөл	V	N	л	suffix
ёгтлох	ёгтлол	V	N	л	suffix
ёжлох	ёжлол	V	N	л	suffix
баривч	баривчлах	N	V	лах	suffix
дээшлэх	дээшлүүлэх	V	V	үүлэх	suffix
хөгжих	хөгжүүлэх	V	V	үүлэх	suffix
мэргэжих	мэргэжил	V	N	л	suffix
мэргэших	мэргэшил	V	N	л	suffix
түгшүүр	түгшүүртэй	N	J	тэй	suffix
тариа	тариалах	N	V	лах	suffix
хөг	хөгтэй	N	J	тэй	suffix
инээд	инээдтэй	N	J	тэй	suffix
ухаан	ухаантай	N	J	тай	suffix
дунших	дуншилт	V	N	лт	suffix
зурах	зурхай	V	N	ай	suffix
залгах	залгаас	V	N	аас	suffix
хэв	хэвлэх	N	V	лэх	suffix
ховх	ховхлох	N	V	лох	suffix
шүүх	шүүлт	V	N	лт	suffix
дүрвэх	дүрвэгч	V	N	гч	suffix
дарах	даруул	V	N	уул	suffix
товчлох	товчлуур	V	N	уур	suffix
даяан	даяанч	N	N	ч	suffix
засвар	засварчин	N	N	чин	suffix
лавлах	лавлагаа	V	N	гаа	suffix
төлөөлөх	төлөөлөгч	V	N	гч	suffix
жирэлзэх	жирэлзээн	V	N	ээн	suffix
далд	далдлах	N	V	лах	suffix
сулрах	сулруулах	V	V	уулах	suffix
утах	утаа	V	N	аа	suffix
хүмүүжил	хүмүүжилгүй	N	J	гүй	suffix
соёл	соёлгүй	N	J	гүй	suffix
бүдүүн	бүдүүлэг	N	J	лэг	suffix
шивэх	шивээс	V	N	ээс	suffix
шүгэл	шүгэлдэх	N	V	дэх	suffix
шүгэх	шүгэл	V	N	л	suffix
гэрэлтүүлэх	гэрэлтүүлэг	V	N	г	suffix
дургүй	дургүйцэх	J	V	цэх	suffix
зэвүү	зэвүүцэх	J	V	цэх	suffix
зангилах	зангилаа	V	N	аа	suffix
боловсрох	боловсрол	V	N	л	suffix
ахлах	ахлагч	V	N	гч	suffix
удирдах	удирдагч	V	N	гч	suffix
гөжих	гөжүүд	V	J	үүд	suffix
дур	дуртай	N	J	тай	suffix
өрсөлдөх	өрсөлдөгч	V	N	гч	suffix
сүлжих	сүлжмэл	V	N	мэл	suffix
хүндэт	хүндэтгэх	J	V	гэх	suffix
туйлбар	туйлбаргүй	N	J	гүй	suffix
тогтох	тогтуун	V	J	уун	suffix
тооцох	тооцоо	V	N	оо	suffix
хөдлөх	хөдөлмөр	V	N	мөр	suffix
өргөх	өргөлт	V	N	лт	suffix
ижил	ижилхэн	N	N	хэн	suffix
адил	адилхан	N	N	хан	suffix
эвдрэх	эвдрэл	V	N	л	suffix
үхжих	үхжилт	V	N	лт	suffix
цуглуулах	цуглуулга	V	N	лга	suffix
хамаа	хамаагүй	N	J	гүй	suffix
амьсгал	амьсгалгүй	N	J	гүй	suffix
хамаа	хамаатай	N	J	тай	suffix
холбоо	холбоотой	N	J	той 	suffix
гэм	гэмших	N	V	ших	suffix
ирвэгнэх	ирвэгнүүлэх	V	V	үүлэх	suffix
загатнах	загатнуулах	V	V	уулах	suffix
худалдах	худалдагч	V	N	гч	suffix
зар	зарлага	N	N	лага	suffix
гонсойх	гонсойлгох	V	V	лгох	suffix
тэрс	тэрслэх	N	V	лэх	suffix
ажил	ажилсаг	N	J	саг	suffix
судлах	судалгаа	V	N	аа	suffix
туслах	туслагч	V	N	гч	suffix
аврах	аврагч	V	N	гч	suffix
давхар	давхрага	N	N	га	suffix
ичих	ичмээр	V	R	ээр	suffix
эрдэм	эрдэмтэн	N	N	тэн	suffix
хөдлөх	хөдлөшгүй	V	N	шгүй	suffix
таслах	таслал	V	N	лал	suffix
хөших	хөшүүрэг	V	N	үүрэг	suffix
ялгаа	ялгаагүй	N	J	гүй	suffix
сийлбэр	сийлбэрч	N	N	ч	suffix
баримал	барималч	N	N	ч	suffix
сүрдэх	сүрдүүлэх	V	V	үүлэх	suffix
эсрэгцүүлэх	эсрэгцүүлэл	V	N	л	suffix
харьцуулах	харьцуулал	V	N	л	suffix
харьцах	харьцал	V	N	л	suffix
тэнэг	тэнэгдүү	J	J	дүү	suffix
анхаарах	анхаарал	V	N	л	suffix
галзуурах	галзуурал	V	N	л	suffix
солиорох	солиорол	V	N	л	suffix
зогсолт	зогсолтгүй	N	J	гүй	suffix
түгдрэл	түгдрэлгүй	N	J	гүй	suffix
илэх	иллэг	V	N	лэг	suffix
жөтөө	жөтөөрхөх	N	V	рхөх	suffix
зогсох	зогсоц	V	N	ц	suffix
илгээх	илгээгч	V	N	гч	suffix
тасрах	тасрал	V	N	л	suffix
боох	боол	V	N	л	suffix
зарах	зарц	V	N	ц	suffix
таслах	тасалгаа	V	N	гаа	suffix
гүйцэд	гүйцэтгэх	J	V	гэх	suffix
үйл	үйлдэх	N	V	дэх	suffix
хийсэх	хийсэх	V	V	гэх	suffix
зочин	зочлох	N	V	лох	suffix
айл	айлчлах	N	V	чилах	suffix
түгжих	түгжээ	V	N	ээ	suffix
хонь	хоньчин	N	N	чин	suffix
залах	залрах	V	V	рах	suffix
орхих	орхилт	V	N	лт	suffix
гадуурхах	гадуурхал	V	N	л	suffix
ганцаардах	ганцаардмал	V	J	мал	suffix
тусгаарлах	тусгаарлагдах	V	V	гдах	suffix
салах	саланги	V	V	нги	suffix
таалах	таалагдах	V	V	гдах	suffix
хийсэх	хийсгэх	V	V	гэх	suffix
намирах	намируулах	V	V	уулах	suffix
дэрвэх	дэрвүүлэх	V	V	үүлэх	suffix
хол	холдох	N	V	дох	suffix
зан	зангаа	N	N	гаа	suffix
холдох	холдуулах	N	V	уулах	suffix
зайлах	зайлуулах	N	V	уулах	suffix
инээмсэглэх	инээмсэглэл	V	N	л	suffix
дээш	дээшлэх	J	V	лэх	suffix
сайжруулах	сайжруулалт	V	N	лт	suffix
нэмэх	нэмэгдэх	V	V	гдэх 	suffix
өсөх	өгсөх	V	V	гөх	suffix
хоцрогдох	хоцрогдол	V	N	л	suffix
суурь	суурьших	N	V	их	suffix
чинээлэх	чинээлэг	V	N	г	suffix
сэргээх	сэргээлт	V	N	лт	suffix
болих	болиулах	V	V	уулах	suffix
өвчин	өвчтөн	N	N	төн	suffix
боловсрох	боловсролт	V	N	лт	suffix
болох	бололт	V	N	лт	suffix
байх	байлгах	V	V	лгах	suffix
аялах	аялагч	V	N	гч	suffix
ажиг	ажиглах	N	V	лах	suffix
шинж	шинжлэх	N	V	лэх	suffix
зэрэглэх	зэрэглэл	V	N	л	suffix
дараалах	дараалал	V	N	л	suffix
байр	байрлах	N	V	лах	suffix
дуулах	дуулаач	V	N	ч	suffix
ариутгах	ариутгал	V	N	л	suffix
халдваргүйжүүлэх	халдваргүйжүүлэлт	V	N	лт	suffix
давалгаа	давалгаалах	N	V	лах	suffix
гял	гялбах	J	V	бах	suffix
гял	гялалзах	J	V	лзах	suffix
дайвах	дайвалзах	V	V	лзах	suffix
углах	углааш	V	N	ааш	suffix
чухалчлах	чухалчлал	V	N	л	suffix
онцгой	онцгойрох	J	V	рох	suffix
нэр	нэргүй	N	J	гүй	suffix
тохиромж	тохиромжтой	N	J	той	suffix
хүндэтгэх	хүндэтгэл	V	N	л	suffix
хүндлэх	хүндлэл	V	N	л	suffix
холих	хольц	V	N	ц	suffix
хайлах	хайлш	V	N	ш	suffix
заль	зальхай	N	J	хай	suffix
сорох	соронз	V	N	нз	suffix
бяд	бядгүй	N	J	гүй	suffix
цалгих	цалгилах	V	V	лах	suffix
донгио	долгиолох	J	V	лох	suffix
гутах	гутамшиг	V	N	мшиг	suffix
ангууч	ангуучлах	N	V	лах	suffix
ан 	агнах	N	V	нах	suffix
аних	анивчих	V	V	вчих	suffix
улалзах	улалзуулах	V	V	уулах	suffix
сав	савлах	N	V	лах	suffix
салга	салганах	J	V	нах	suffix
булаг	булгилах	N	V	лах	suffix
цохих	цохилох	V	V	лох	suffix
дарангуйлах	дарангуйлал	V	N	л	suffix
тамхи	тамхичин	N	N	чин	suffix
тагнах	тагнуул	V	N	уул	suffix
гилжийх	гилжийлгэх	V	V	гэх	suffix
хазайх	хазайлгах	V	V	лгах	suffix
бэрх	бэрхшээл	J	N	шээл	suffix
ашиглах	ашиглалт	V	N	лт	suffix
дутах	дутмаг	V	J	маг	suffix
гачигдах	гачигдал	V	N	л	suffix
хомсдох	хомсдол	V	N	л	suffix
өнцөг	өнцөгтэй	N	J	тэй	suffix
ирмэг	ирмэгтэй	N	J	тэй	suffix
яарах	яаруу	V	J	уу	suffix
тэвдэх	тэвдүү	V	J	үү	suffix
сандрах	сандруу	V	J	уу	suffix
оёх	оёдол	V	N	дол	suffix
хэтрэх	хэтрэлт	V	N	лт	suffix
обой	обойдох	N	V	дох	suffix
бүрэх	бүрээс	V	N	ээс	suffix
бүрэх	бүрмэл	V	N	мэл	suffix
тэнгэр	тэнгэрлэг	N	J	лэг	suffix
үйлчлэх	үйлчлэл	V	N	л	suffix
их	ихэмсэг	V	J	мсэг	suffix
эрхэм	эрхэмсэг	J	J	сэг	suffix
жингүй	жингүйдэх	J	V	дэх	suffix
түрэмжий	түрэмгийлэл	J	N	лэл	suffix
довтлох	довтлолт	V	N	лт	suffix
ялагдах	ялагдал	V	N	л	suffix
бүтэлгүйтэх	бүтэлгүйтэл	V	N	л	suffix
ухаан	ухаангүй	N	J	гүй	suffix
санах	санамж	V	N	мж	suffix
найдах	найдлага	V	N	лага	suffix
алдагдах	алдагдал	V	N	л	suffix
хохирох	хохирол	V	N	л	suffix
хөнөөх	хөнөөл	V	N	л	suffix
үрэх	үрлэг	N	N	лэг	suffix
завхайрах	завхайрал	V	N	л	suffix
хэмжих	хэмжүүр	V	N	үүр	suffix
хэмжих	хэмжигч	V	N	гч	suffix
тоолох	тоолуур	V	N	уур	suffix
эрдэм	эрдэмтэй	N	J	тэй	suffix
урвах	урвалт	V	N	лт	suffix
явах	явдал	V	N	дал	suffix
хуурах	хууралт	V	N	лт	suffix
заль	залилах	N	V	лах	suffix
заль	залилан	N	N	лан	suffix
мэхлэх	мэхлэлт	V	N	лт	suffix
хоцрох	хоцрогч	V	N	гч	suffix
бахархах	бахархал	V	N	л	suffix
шунах	шунал	V	N	л	suffix
хойрго	хойргошил	J	N	шил	suffix
залхуурах	залхуурал	V	N	л	suffix
хилэгнэх	хилэгнэл	V	N	л	suffix
халтайх	халтайсан	V	J	сан	suffix
зурах	зурлага	V	N	лага	suffix
үргэлж	үргэлжлэл	J	J	лэл	suffix
оюун	оюутан	N	N	тан	suffix
ягших	ягштал	V	J	тал	suffix
бат	баттай	N	J	тай	suffix
лав	лавтай	J	J	тай	suffix
хурд	хурдан	N	J	н	suffix
нисэх	нисгэх	V	V	гэх	suffix
залгамжлах	залгамжлагч	V	N	гч	suffix
олз	олзлол	N	N	лол	suffix
ядах	ядмаг	V	J	маг	suffix
дууриах	дууриамал	V	J	мал	suffix
хариуцах	хариуцлага	V	N	лага	suffix
мэдрэх	мэдрэхгүй	N	J	гүй	suffix
мэдрэмж	мэдрэмжгүй	N	J	гүй	suffix
бохирдох	бохирдол	V	N	л	suffix
зөөвөр	зөөвөрлөх	N	V	лөх	suffix
тээвэр	тээвэрлэх	N	V	лэх	suffix
сэжиг 	сэжигтэн	N	N	тэн	suffix
сэжиглэгдэх	сэжиглэгдэгч	V	N	гч	suffix
мэдээ	мэдээгүй	N	J	гүй	suffix
идэгдэх	идэгдэл	V	N	л	suffix
идэх	идэлт	V	N	лт	suffix
элээх	элээлт	V	N	лт	suffix
элэгдэх	элэгдэл	V	N	л	suffix
турших	туршилт	V	N	лт	suffix
оролдох	оролдлого	V	N	лого	suffix
зүтгэх	зүтгэл	V	N	л	suffix
мэрийх	мэрийлт	V	N	лт	suffix
чармайх	чармайлт	V	N	лт	suffix
чөлөөлөх	чөлөөлөлт	V	N	лт	suffix
эрмэлзэх	эрмэлзлэл	V	N	л	suffix
тэмүүлэх	тэмүүлэл	V	N	л	suffix
дагах	дагагч	V	N	гч	suffix
дэмжих	дэмжигч	V	N	гч	suffix
сонордох	сонордуулах	V	V	уулах	suffix
таних	таниулах	V	V	лах	suffix
мэдээ	мэдээлэх	N	V	лэх	suffix
оёдол	оёдолчин	N	N	чин	suffix
эрсдэх	эрсдэл	V	N	л	suffix
нухац	нухацтай	N	J	тай	suffix
хичээх	хичээнгүй	V	J	нгүй	suffix
хуудуу	хуудуутай	N	J	тай	suffix
харш	харшил	J	N	л	suffix
чийг	чийгшил	N	N	шил	suffix
технологи	технологич	N	N	ч	suffix
аврах	аврал	V	N	л	suffix
хамгаалах	хамгаалал	V	N	л	suffix
түрээслэх	түрээслэгч	V	N	гч	suffix
хадгалах	хадгалалт	V	N	лт	suffix
чангарах	чангарал	V	N	л	suffix
дэвших	дэвшүүлэх	V	V	үүлэх	suffix
онол	онолч	N	N	ч	suffix
хулгай	хулгайч	N	N	ч	suffix
их	ихсэх	J	V	сэх	suffix
арвин	арвижих	J	V	жих	suffix
үргэлж	үргэлжлэх	J	V	лэх	suffix
тод	тодрох	J	V	рох	suffix
эргэх	эргүүл	V	N	үүл	suffix
ажиглах	ажиглалт	V	N	лт	suffix
дагалдах	дагалдагч	V	N	гч	suffix
харах	харуул	V	V	уул	suffix
сүлжих	сүлжээ	V	N	ээ	suffix
хувцас	хувцаслах	V	V	лах	suffix
үзэх	үзэмж	V	N	мж	suffix
боох	боолт	V	N	лт	suffix
өмхий	өмхийрөх	J	V	рөх	suffix
хуучрах	хуучралт	V	N	лт	suffix
муу 	муудах	J	V	дах	suffix
муудах	муудалт	V	N	лт	suffix
наймаа	наймаачин	N	N	чин	suffix
худалдаа	худалдаачин	N	N	чин	suffix
борлуулах	борлуулалт	V	N	лт	suffix
зарах	зарагдах	V	V	гдах	suffix
тэргүүн	тэргүүлэх	V	N	лэх	suffix
манлай	манлайлах	J	V	лах	suffix
суралцах	суралцагч	V	N	гч	suffix
тэрслэх	тэрслэгч	V	N	гч	suffix
хөндий	хөндийрөх	N	V	рөх	suffix
амтлах	амталгаа	V	N	гаа	suffix
ухагдах	ухагдахуун	V	N	уун	suffix
арчаа	арчаагүй	N	J	гүй	suffix
нүүх	нүүлгэх	V	V	лгэх	suffix
автоматжих	автоматжилт	V	N	лт	suffix
баясах	баясал	V	N	л	suffix
цэнгэх	цэнгэл	V	N	л	suffix
үйлдвэр	үйлдвэрлэх	N	V	лэх	suffix
олширох	олшруулах	V	V	уулах	suffix
ижил	ижилсэх	J	V	сэх	suffix
хэлтэрэх	хэлтэрхий	V	N	ий	suffix
хагарах	хагархай	V	N	ай	suffix
хотжуулах	хотжуулал	V	N	л	suffix
хотжих	хотжилт	V	N	лт	suffix
утга	утгагүй	N	J	гүй	suffix
онц	онцгүй	J	J	гүй	suffix
сонирхол	сонирхолгүй	N	J	гүй	suffix
эмгэнэх	эмгэнэлт	V	N	лт	suffix
гашуудал	гашуудалтай	N	J	тай	suffix
уусах	уусмал	V	J	мал	suffix
хэрэглэх	хэрэглэгч	V	N	гч	suffix
шавах	шаваарах	V	V	рах	suffix
тунах	тунадас	V	N	дас	suffix
тэнэх	тэнэмэл	V	N	мэл	suffix
хэсэх	хэсүүлч	V	N	үүлч	suffix
тэнэх	тэнүүлч	V	N	үүлч	suffix
өтгөрөх	өтгөрүүлэх	V	N	үүлэх	suffix
бэлтгэх	бэлтгэл	V	N	л	suffix
адармаатай	адармаатай	N	J	тай	suffix
ярвиг	ярвигтай	N	J	тай	suffix
төвөг	төвөгтэй	N	J	эй	suffix
бодох	бодолт	V	N	лт	suffix
бөхийх	бөхийлгөх	V	V	лгөх	suffix
тонгойх	тонгойлгох	V	V	лгох	suffix
нэмэгдэх	нэмэгдэл	V	N	л	suffix
найдвар	найдвартай	N	J	тай	suffix
мөргөх	мөргөл	V	N	л	suffix
ялах	ялагч	V	N	гч	suffix
үнэлэх	үнэлгээ	V	N	гээ	suffix
шүүмжлэх	шүүмжлэл	V	N		suffix
үнэмшил	үнэмшилтэй	N	J	тэй	suffix
тооцоолох	тооцоолол	V	N	л	suffix
хийл	хийлч	N	N	ч	suffix
солих	солилцох	V	V	лцох	suffix
эргэх	эргэлдэх	V	V	лдэх	suffix
бүтэх	бүтэмж	V	N	мж	suffix
биелэх	биелэл	V	N	л	suffix
хорших	хоршил	V	N	л	suffix
гурав	гурвал	N	N	л	suffix
ам	амт	N	N	т	suffix
хичээх	хичээл	V	N	л	suffix
цоож	цоожлох	N	V	лох	suffix
оньс	оньслох	N	V	лох	suffix
хэлэх	хэллэг	V	N	лэг	suffix
өгүүлэх	өгүүлбэр	V	N	бэр	suffix
сургах	сургалт	V	N	лт	suffix
цохих	цохиулах	V	V	уулах	suffix
зөөх	зөөгч	V	N	гч	suffix
үйлчлэх	үйлчлэгч	V	N	гч	suffix
дотно	дотносох	J	V	сох	suffix
дэлгэх	дэлгүүр	V	N	үүр	suffix
орд	ордон	N	N	н	suffix
ярих	яриа	V	N	аа	suffix
төмөр	төмөрлөг	N	N	лөг	suffix
сургууль	сургуулилт	N	N	лт	suffix
давтах	давтлага	V	N	лага	suffix
самуурах	самууруулах	V	V	уулах	suffix
үймэх	үймүүлэх	V	V	үүлэх	suffix
хэлэлцэх	хэлэлцэгч	V	N	гч	suffix
мэтгэлцэх	мэтгэлцэгч	V	N	гч	suffix
гагнуур	гагнуурчин	N	N	чин	suffix
бичих	бичээс	V	N	ээс	suffix
аяга	аягалах	N	V	лах	suffix
хатгах	хатгамал	V	N	мал	suffix
тэргүүлэх	тэргүүлэгч	V	N	гч	suffix
давс	давсархаг	N	J	рхаг	suffix
эм	эмэгтэй	J	J	гтэй	suffix
цэцэрлэгжүүлэх	цэцэрлэгжүүлэлт	V	N	лт	suffix
ая	аялга	N	N	лга	suffix
хэм	хэмнэл	N	N	нэл	suffix
тохижуулах	тохижуулалт	V	N	лт	suffix
цэцэгжүүлэх	цэцэгжүүлэлт	V	N	лт	suffix
сүсэг	сүсэгтэн	N	N	тэн	suffix
ялгаа	ялгаатай	N	J	тай	suffix
төлөвлөх	төлөвлөгөө	V	N	өө	suffix
төлөвлөх	төлөвлөлт	V	N	лт	suffix
программ	программчилах	N	V	чилах	suffix
урлах	урлаг	V	N	г	suffix
цэцэглэх	цэцэглэлт	V	N	лт	suffix
ядрах	ядруу	V	J	уу	suffix
хөрвөх	хөрвүүлэх	V	V	үүлэх	suffix
аврах	ухаарал	V	N	рал	suffix
сэхээрэх	сэхээрүүлэх	V	V	үүлэх	suffix
туух	туулах	V	V	лах	suffix
болох	болгох	V	V	гох	suffix
тохиол	тохиолдох	N	V	дох	suffix
өвөр	өвөрлөх	N	V	лөх	suffix
зоог	зооглох	N	V	лох	suffix
ам	амсах	N	V	сах	suffix
өрөмдөх	өрөмдлөг	V	N	лөг	suffix
зүйрлэх	зүйрлэл	V	N	л	suffix
толь	толигор	N	J	гор	suffix
эрэх	эрэл	V	N	л	suffix
хайх	хайлт	V	N	лт	suffix
тослох	тослог	V	J	г	suffix
олборлох	олборлолт	V	N	лт	suffix
зүүд	зүүдлэх	N	V	лэх	suffix
гижиг	гижигдэх	N	V	дэх	suffix
гийгүүлэх	гийгүүлэгч	V	N	гч	suffix
үрчиих	үрчийсэн	V	V	сэн	suffix
үнгэгдэх	үнгэгдсэн	V	V	сэн	suffix
тонох	тонуул	V	N	уул	suffix
бөнжийх	бөнжийлдөх	V	V	лдөх	suffix
шаваарах	шавааралдах	V	V	лдах	suffix
хэл	хэлэх	N	V	х	suffix
үхэх	үхэл	V	N	л	suffix
хэлэх	хэлэхүй	V	N	үй	suffix
дуудах	дуудлага	V	N	лага	suffix
шивнэх	шивнээ	V	N	ээ	suffix
нээх	нээлгэх	V	V	лгэх	suffix
халдах	халдлага	V	N	лага	suffix
мэдэх	мэдэгдэх	V	V	гдэх	suffix
үзэх	үзүүлэх	V	V	үүлэх	suffix
уулзах	уулзуулах	V	V	уулах	suffix
харах	харуулах	V	V	уулах	suffix
тодрох	тодруулах	V	V	уулах	suffix
мэдрэх	мэдрэгдэх	V	V	гдэх	suffix
цухуйх	цухуйлгах	V	V	лгах	suffix
ил	илрэх	J	V	рэх	suffix
бүлэх	бүлүүр	V	N	үүр	suffix
хэлэлцүүлэх	хэлэлцүүлэг	V	N	г	suffix
боловсруулах	боловсруулалт	V	N	лт	suffix
бодох	бодрол	V	N	рол	suffix
эргэцүүлэх	эргэцүүлэл	V	N	л	suffix
бодох	бодол	V	N	л	suffix
ярилцах	ярилцлага	V	N	лага	suffix
найдлага	найдлагагүй	J	J	гүй	suffix
эзэн	эзгүй	N	J	гүй	suffix
үнэмшил	үнэмшилгүй	N	J	гүй	suffix
итгэмээр	итгэмээргүй	J	J	гүй	suffix
мэтгэлцэх	мэтгэлцээн	V	N	ээн	suffix
маргах	маргаан	V	N	аан	suffix
зөвшилцөх	зөвшилцөл	V	N	л	suffix
гэрэлтэх	гэрэлтэлт	V	N	лт	suffix
зөвлөх	зөвлөмж	V	N	мж	suffix
буурах	бууруулах	V	V	уулах	suffix
баримтлах	баримтлал	V	N	л	suffix
тоглох	тоглуулах	V	V	уулах	suffix
назгай	наазгайдах	J	J	дах	suffix
хэмжих	хэмжээс	V	N	ээс	suffix
асуух	асуулт	V	N	лт	suffix
эвэр	эвэрлэг	N	J	лэг	suffix
хайрс	хайрслаг	N	J	лаг	suffix
хэмжих	хэмжилт	V	N	лт	suffix
хүрэлцэх	хүрэлцэхүй	V	N	хүй	suffix
орь	орилох	J	V	лох	suffix
хангинах	хангинуулах	V	V	уулах	suffix
жингэнэх	жингэнүүлэх	V	V	үүлэх	suffix
цуурай	цуурайтах	N	V	тах	suffix
тушаах	тушаал	V	N	л	suffix
базах	базаах	V	V	аах	suffix
хуваах	хуваалт	V	N	лт	suffix
дуугарах	дуугаргах	V	V	гах	suffix
төвлөрөх	төвлөрөл	V	N	л	suffix
төвлөрүүлэх	төвлөрүүлэлт	V	N	лт	suffix
бөөгнөрөх	бөөгнөрөл	V	N	л	suffix
бүтэмж	бүтэмжтэй	N	J	тэй	suffix
тохирлцох	тохиролцоо	V	N	оо	suffix
эшлэх	эшлэл	V	N	л	suffix
ял	яллах	N	V	лах	suffix
сөргөлдөх	сөргөлдөөн	V	N	өөн	suffix
эвдрэх	эвдрэлцэх	V	V	лцэх	suffix
таарах	таарахгүй	V	J	гүй	suffix
муудах	муудалцах	V	V	лцах	suffix
зөрчилдөх	зөрчилдөөн	V	N	өөн	suffix
шийдвэр	шийдвэрлэх	N	V	лэх	suffix
хөших	хөшүүн	V	N	үүн	suffix
хатуурах	хатуурал	V	N	л	suffix
зодох	зодоон	V	N	оон	suffix
ёслох	ёслол	V	N	л	suffix
урих	урилга	V	N	лга	suffix
гуйх	гуйлга	V	N	лга	suffix
шовгор	шорвогдуу	N	J	дуу	suffix
ойх	ойлт	V	N	лт	suffix
тусгах	тусгац	V	N	ц	suffix
хугарах	хугарал	V	N	л	suffix
хүсэх	хүсэлт	V	N	лт	suffix
гуйх	гуйлт	V	N	лт	suffix
яршиг	яршигтай	N	J	тай	suffix
ядаргаатай	ядаргаатай	N	J	тай	suffix
тээр	тээртэй	N	J	тэй	suffix
монополь	монопольчлох	N	V	члох	suffix
гэр	гэрлэх	N	V	лэх	suffix
гэрлэх	гэрлэлт	V	N	лт	suffix
индүүдэх	индүүдлэг	V	N	лэг	suffix
индүү	индүүдэх	N	V	дэх	suffix
түрээс	түрээслэх	N	V	лэх	suffix
үгүй	үгүйсгэх	J	V	сгэх	suffix
хэвлэх	хэвлэгч	V	N	гч	suffix
бүтээгдэх	бүтээгдэхүүн	V	N	үүн	suffix
үгүйсгэх	үгүйсгэл	V	N	л	suffix
хөөлгөх	хөөлгөгч	V	N	гч	suffix
няцаах	няцаалт	V	N	лт	suffix
унжийх	унжийсан	V	J	сан	suffix
гундах	гундуу	V	J	уу	suffix
жавхаа	жавхаагүй	N	J	гүй	suffix
унжих	унжгар	V	J	гар	suffix
нуух	нуулт	V	N	лт	suffix
нууцлах	нууцлалт	V	N	лт	suffix
нуух	нуувч	V	N	вч	suffix
бүтээх	бүтээлэг	N	V	лэг	suffix
хамаарах	хамаарахгүй	V	J	гүй	suffix
орших	оршуулах	V	V	уулах	suffix
нийлүүлэх	нийлүүлэлт	V	N	лт	suffix
хэвлэх	хэвлэлт	V	N	лт	suffix
гаргах	гаргалт	V	N	лт	suffix
эрэх	эрэлт	V	N	лт	suffix
амрах	амралт	V	N	лт	suffix
амлах	амлалт	V	N	лт	suffix
байршуулах	байршуулалт	V	N	лт	suffix
идэвхжүүлэх	идэвхжүүлэлт	V	N	лт	suffix
тээвэрлэх	тээвэрлэлт	V	N	лт	suffix
живэх	живэлт	V	N	лт	suffix
суух	суулт	V	N	лт	suffix
далдлах	далдлалт	V	N	лт	suffix
түдгэлзүүлэх	түдгэлзүүлэлт	V	N	лт	suffix
залгах	залгалт	V	N	лт	suffix
сунгах	сунгалт	V	N	лт	suffix
тогтворжуулах	тогтворжуулалт	V	N	лт	suffix
эргүүлэх	эргүүлэлт	V	N	лт	suffix
цардах	цардалт	V	N	лт	suffix
засах	засалт	V	N	лт	suffix
хучих	хучилт	V	N	лт	suffix
гадагшлах	гадагшлалт	V	N	лт	suffix
алдагдах	алдагдалт	V	N	лт	suffix
дэгдэх	дэгдэлт	V	N	лт	suffix
хорох	хороох	V	V	оох	suffix
шатах	шатаах	V	V	аах	suffix
чийг	чийглэг	N	J	лэг	suffix
ялах	ялалт	V	N	лт	suffix
урхидах	урхидалт	V	N	лт	suffix
тусгаарлах	тусгаарлалт	V	N	лт	suffix
